{
    "Tags": [
        {
            "Tag": "Root",
            "MainColor": {
                "r": 1.0,
                "g": 1.0,
                "b": 1.0,
                "a": 1.0
            },
            "SecondaryColor": {
                "r": 0.4000000059604645,
                "g": 0.4000000059604645,
                "b": 0.4000000059604645,
                "a": 1.0
            },
            "Description": "The root tag"
        },
        {
            "Tag": "Password",
            "MainColor": {
                "r": 0.8901961445808411,
                "g": 0.8666667342185974,
                "b": 0.46274513006210329,
                "a": 1.0
            },
            "SecondaryColor": {
                "r": 0.35607844591140749,
                "g": 0.34666669368743899,
                "b": 0.1850980520248413,
                "a": 1.0
            },
            "Description": "ER28-0652"
        }
    ]
}